percent C,percent G,percent A,percent T,total seq length,# of sequences
21.222862206468765,24.944616747895438,26.805494018608773,27.027027027027028,2257,2
 
count C,count G,count A,count T,total seq length,# of sequences
479,563,605,610,2257,2
